Id,label
099e3928-92d1-4335-b794-f76565e41f3f,Water
9d5cf257-7e90-4d82-9151-18fb3fe9065b,Water
0a405ad0-9a36-4f9c-84e3-b2fc55118d12,Fighting
b4b2a9a8-8d77-4681-b81b-7072d58a3871,Fire
56b21108-8c12-40fa-b0d3-1132015a4464,Fighting
2d8092f2-1fe9-4380-8c65-d37f120d28c1,Fighting
3707329c-0688-4d84-b7bc-97e703b6e2aa,Bug
716e4d97-9ce5-4aa5-b17a-fd867a57e933,Fighting
cdd31668-96c6-41d2-b9ec-ebad3791829b,Water
97165b5e-96ac-49fb-aed4-e1105ba4c2a1,Normal
52a50871-c957-4426-9ad3-56063348f805,Water
e4b60abf-dea8-4f50-bf1c-4dda556d44cd,Water
7ce290a9-7b22-4c26-a55f-d41ace11bb3d,Normal
7251ba8a-28b2-494e-bc6a-56c5afe92bce,Normal
d1a216dd-ebd0-4b5a-b9a4-c52836473638,Normal
ddee9da9-d92f-4a56-83b5-14af26541326,Ground
08c8152f-ad71-49e0-a097-8c98082b32b4,Poison
bcadf547-16b8-4066-b343-ecb3f85baaa8,Ground
62a5e335-fe65-4e6e-926a-282ef5fa1382,Poison
1d3696fd-26db-4765-9155-4e04b92f17cd,Fire
7f0cd12e-9927-43c3-83a6-f2d1abc6d3fb,Bug
6fad1966-9053-45af-bdc2-41b182470ffb,Water
4a8e67ff-1e58-41a0-8e60-c3574b61b457,Normal
31901a67-9731-4a4f-bfbb-93ee8c900cb3,Fire
bf813598-67cf-480e-9594-5df6f405992b,Rock
cf24f923-5d66-4d38-b037-80a4830a395e,Rock
ae8aa34d-750e-4ce3-aadd-8f75c5cfcb5b,Normal
82565547-bac2-4c9d-bdc5-c64127aef279,Grass
d599605c-fbd8-48cb-90de-3bd34aea7162,Water
cf02e31b-d111-484a-9ac2-d5905cd2eed3,Water
ebe7936b-4baf-4adb-a77a-611afd4e80bd,Water
12e0eddc-b433-45eb-9aa9-32755242a61c,Rock
e3015fed-69f1-4948-b7c4-f7d452d8ab0e,Normal
ff00bd3f-ebf5-4944-8376-226ceebb4d06,Normal
f31d7aeb-3c73-4e96-b19c-c8886aab6383,Fire
03a2a2e1-ca04-4e5c-b9c8-7b0f01b416c1,Ground
1b04cf4e-0149-4a13-a7fe-23d1f3859272,Ground
f7b0908a-ceee-49fd-b120-02f482720eda,Bug
10ad6538-7e71-451d-801d-26a24caf4e59,Bug
c49b4f50-e80c-45cc-a80a-e062f457424b,Rock
361a9fe6-87cc-41d9-8b0d-3491e36bdae1,Fire
59707ffe-cb94-4b17-8b1c-ed2778494939,Normal
2a182d2a-a311-4fb2-8d56-ab04edc02bfb,Water
4f412674-33d3-4046-a93b-51878a9b6e37,Normal
c56120fc-fd94-4191-8f9b-13188cf75814,Fire
33d61417-b19a-4cff-975d-bfa00a16ea05,Ground
f327a93d-f0c0-4c64-af31-947e81ea2189,Bug
f028a13f-93c6-4d47-a89b-b97c7cf470de,Fire
8a70f8d2-c694-4696-976e-cf40a68985d8,Water
529d8ec8-4089-4c16-9134-e8343ee2e64c,Ground
d02541fb-53e7-4407-9b0b-fee3ee570d2b,Fighting
8a926b93-b8f2-4746-a225-e63612beabc7,Grass
f4a217e0-9751-4d6f-b998-7e737176c07a,Normal
0c8a7797-7cf0-4608-b171-a9e913dd2384,Water
2b6bdc79-1ff7-488a-9827-c2d5903f128e,Water
391c7770-f4b6-4185-986b-e5aee4ad9a3d,Grass
6129e545-2206-4c6e-acee-da7ba8baaeaf,Bug
429f350c-d4d5-4642-918e-ec86696b72e4,Fire
a0e61e51-f794-4f51-90e4-8ef9a425900d,Water
20a9a076-cbc1-479d-9abb-b5bb97ec7101,Water
b41d3a54-f699-41e4-938e-ba2e75efba9f,Normal
f1c2c973-bef1-4773-9cf3-588cf760f15c,Water
037a05bd-c6a2-425e-b963-5fa31c6c156a,Water
ca5c867d-f2d8-4255-b767-d4bcb18495e7,Normal
c399c21f-cc1b-4331-8367-b307f05306f5,Water
3c13d988-3b54-4939-8931-2af8f8804803,Grass
e3622291-9323-4403-a77e-9ee4c5c51c21,Grass
53217967-e2d7-47a3-a276-b44dd0c4778c,Normal
1b184042-3958-486c-901c-dba418b75e16,Water
d8f76950-164c-4450-a56a-90d75a3094ab,Fighting
ea4ed0f4-3b4c-4e60-9c6c-9d4d84f84c3f,Water
1de979af-a948-4458-85ae-58d169c28661,Water
669e106f-55c7-460a-a87a-e8f7373ab4ec,Water
57e46194-8b0d-4a23-83c8-cc0db3a6ea7e,Poison
2a268ca8-25ad-4aa3-aca9-1396e88135eb,Rock
78934a12-6cd7-434a-81b4-6b5e36dac86b,Grass
fe7f5de9-684b-4d80-9616-d998e699699a,Normal
6ea3273d-fcd7-4367-9be8-f0d1e0843b07,Poison
170b55c8-63dc-44cf-8255-3e17441d1868,Fire
98ab3c5d-bac8-49a5-b12d-c67640926af1,Grass
d1559ae4-e776-45e9-808a-007a235c6594,Water
2bfffdf5-5cc0-48e2-9a89-b3472ee3e969,Grass
c005ba05-6b2d-403c-93a9-8fea1e078ee4,Normal
b4f5185d-e984-4e42-a10e-8d6922c0a384,Ground
659412af-67db-4233-8e44-688f7231fba7,Fighting
5193cbb0-9a7d-46a0-8f6f-d7ec0638d916,Fire
49874032-6dd8-4a18-b760-512b033dfa1e,Grass
ea1e4acb-0a75-4e34-b181-ff6f2d5af3c0,Normal
c03579b9-6e50-4804-b3e0-0053eb84c9f3,Poison
821c34e3-cdcb-4bbd-bff9-a5c5a33a840c,Water
ffc170b2-dfe0-4044-a765-408f36624e46,Grass
ceef3ea2-4167-4deb-9a11-c2f5f4b5d366,Ground
c1e854b6-522d-4da2-b6be-b297f49fc3a2,Water
b30a4670-f586-43f4-b36c-61881c9dd4cc,Bug
cf29035f-7346-4a5e-95dd-a40a25be771b,Ground
ba55e144-87ba-46a7-9b41-02f574b68e6f,Water
ef6eb750-cc64-4997-b94f-97a45fe08a28,Normal
494aa299-4b00-42f2-a28c-86cf31882373,Water
89edecaf-67ba-46c4-882e-e80dec34adf7,Bug
59378964-5d03-413e-b383-c586faba924a,Fire
3258318e-b86a-4e62-b4fc-d86f8f2b6bcf,Bug
d710e750-5c70-4c98-8628-56530fdcbc3b,Normal
f0c351ca-7988-4087-8701-0a1ca89d6f62,Normal
edaf163f-c14c-4d7c-8566-45312e62fd93,Bug
df2ccc3a-ee99-4cc9-9fe6-9322aa26e116,Grass
3608ab76-eb1e-4241-b11d-ad115ceb1ba9,Grass
489ba1f4-0920-408f-b5ba-a12ee2cc90fd,Normal
3dc2875b-6532-4173-8299-c4bafa410039,Normal
350a887a-e7f0-448b-9b2e-4198287a181b,Water
50168ff2-08ab-44e7-8a27-e92bed660187,Poison
a972613b-9db9-425a-b514-b9da16667492,Water
6b73959f-47f1-4361-984e-4a551908e085,Rock
95bc1165-8c11-49d2-b51c-aa6385d14445,Ground
1bfb03b4-0523-482a-9b59-344b393c0d0a,Water
f13e32c6-9263-4613-b4a2-38ebbd8f6501,Fighting
4c138cf7-0cfe-481c-8ea0-a945a9695373,Poison
a73ad687-2854-4f8f-9425-c592dad7fa80,Water
416eb539-fff3-48b5-a2d9-16a1693c497f,Normal
bc3d182e-5519-474e-b257-79d0d9b7f21b,Fire
cb4d376c-c300-415b-9fdc-32e23c1127c8,Grass
18493277-5abf-45a1-9dfb-69b74b0fcc27,Water
9fa8f11f-0840-4846-b788-417fefe3f1de,Fire
8a84650e-2b6e-4130-a547-5f33073e8100,Bug
552a162c-f285-4a95-9b82-e7058057ac40,Grass
62e0b1b0-0d6a-4235-91fb-bb54ce38cfcb,Water
7480251b-74cb-4189-b010-33e34158ea90,Bug
ed882423-b2af-4ece-a91d-60cd6f70755e,Water
75b96c01-3262-4323-a5e8-e3bdea609a8f,Poison
77062429-079c-4013-a72a-fb0e2975cace,Grass
0719cdd9-8fe8-4e47-b550-7bcefb1634ed,Fire
d10ad7dd-09b2-458a-a13c-e31372496946,Poison
e47c3f64-12c3-4c42-9dd0-2c23892528e2,Normal
eb2364cf-21a7-40c6-be95-d9f44e356e10,Normal
15547e51-264f-43a7-9758-88a6be6b2aab,Poison
5fbe3dfa-7d90-4c6f-840e-1c9a567bf606,Poison
d3496468-79b4-4f23-822e-a5bdb7a02ac6,Water
dd4cc879-50a2-4c77-ab19-69f0798055a8,Normal
bbc0c8b8-f7fd-4897-87a4-c7c11d0818d2,Rock
74b6192b-100c-4983-bfc2-54a442142856,Normal
e537f1d5-649b-4ba4-9a53-4ba0899827bb,Water
1d54fe88-2cd2-4fbf-8d9f-b5d8df64659a,Fighting
22bca26a-acd8-418f-b64b-e80de29480ca,Ground
28c8b804-cc6e-49ec-8aee-077b72b1dbf9,Grass
ebf7af28-e3dc-4b61-aab2-7546b34245cf,Poison
e8e840e4-b076-40ee-989e-c24e66f70255,Fire
716f770b-2266-4026-8423-7949bf6e2cf3,Ground
3fef7520-3c77-450f-8312-1228676da3d8,Water
2599d1e5-17e9-4c47-85c3-86d5427f263f,Fire
9b261a2f-7531-41d4-9b79-47f82f449867,Rock
75bb8e53-b8a5-4f4c-aa16-93a3959c69c7,Ground
73842c2b-c30d-48e1-bff3-094cad1a5aa6,Water
3a4ed90d-d992-4706-8a90-466f5e0b4357,Grass
cefeffa2-ceed-43ae-b761-d110a3af3afe,Grass
a639d419-2641-4f38-a658-d49d993e5328,Fire
3847b776-bdc7-4021-8395-ae840910dd85,Poison
2e0bef10-97a1-4e3c-84b4-7d2278655aa4,Rock
0b246bed-de89-4b60-aaf4-18314a3eb149,Water
a9029195-5599-4c04-ab35-c52b97fb0b5a,Water
7c3c1316-2bd8-42f3-8576-d4671c596012,Normal
b7fa83ac-b717-46b5-ae65-22b6161906d0,Grass
5b657179-6b51-4a5f-a509-38a00ce8bd8a,Water
ed410cf6-e2eb-470f-9bac-70b63c335603,Grass
8a84915e-1a37-4f07-bec2-1a0f2506f665,Water
46736e13-405e-48da-8d7e-a5cef1fdbc6c,Water
687d0185-fd8a-4340-8966-2d5c3d2433e2,Bug
22e4c409-9a41-4a59-a02d-72f6d2b43e20,Fire
91dddb78-223d-4731-bb2e-af8ba0256e1a,Bug
f012c07e-3093-4cf7-b5ec-4bd416e933ef,Water
418c2141-a7fb-42ee-9e20-2738ca6b3ce2,Normal
918849fa-e931-484e-aa92-2822979810f1,Rock
6251b823-6c86-491b-89cf-61ed10ba0a80,Fire
90c4352e-5624-4b11-8572-b09a12d2d29a,Water
5ec04fd1-ace9-4a98-b8c1-00608250ff5a,Poison
da539d16-303e-47d2-a26c-eb3e3253c6c6,Water
999bcc9f-6372-4018-bb11-3f56e38189b0,Grass
216b1026-4c5a-4c95-94c9-0920c1ca91ea,Rock
2c154943-0cbe-4998-81ed-8a7a7c265600,Grass
416f6674-6935-4cea-b3f7-60866d6f2fd9,Normal
badce30c-c638-45a5-ad2e-1e59add51ef4,Water
501c2bc5-fb49-4def-abc7-3a11722510bc,Fire
34904211-31be-4d7e-b347-6ff63129f2eb,Grass
684338c8-0f84-4265-a1b5-436a21894707,Water
dd32ee07-8a3e-4263-81e7-af9924b21885,Water
56a18239-b921-4e09-ac43-51dd2e6f9333,Grass
467e8834-7cdc-45f0-afea-56b83f572114,Fire
1b418eaa-521f-4312-89e8-2056e8380ef2,Ground
74f38529-4b4e-4873-b995-bcf01d7a0bea,Normal
9e00441f-32a9-4508-9380-4fe72b025d94,Fire
642d23f6-ef9c-468e-8fca-2f2219abc393,Rock
1b2e0d2c-821e-46db-82fa-a633c1a90a7b,Normal
57b233e7-ab12-4968-974d-8bd58e5b33f6,Normal
9e1e10ba-72c7-420c-96a2-aaa704ec318b,Bug
5a862bbf-a37c-485e-81f9-66844f57f265,Normal
325b548b-e25b-4f0e-bc7b-3f8a022155db,Fighting
6333baec-6539-49cc-a798-e8012b40dab5,Poison
12dcef22-4ba0-444d-9f71-c24943f562ad,Normal
d173a375-ff0f-4f3a-9f8a-0ed1e185d677,Poison
12a5c1d0-0b59-403f-ab0e-69413018eb14,Normal
381b88a7-5082-4b9e-b9ac-241caf9ee9da,Fire
9bd15777-c53f-407f-b7c0-8c4b3f2f4bf3,Water
f5fbf5d7-a77b-4dbe-abae-9054b3bc116e,Normal
fa107dd7-6801-471e-9acf-0f0794d28230,Fire
615ba9ae-b9cf-439c-809d-8b9eddc4bf49,Fighting
a322747a-de2d-4db2-9456-e9175164b461,Bug
fa16aeb3-783a-481a-bc1e-fb83a8f7873a,Normal
73009085-8dcd-4880-b173-542c46fb2bcb,Water
f34282c7-7934-4ead-af16-c447d356bbe8,Grass
6ad75492-6721-47b3-8923-9099005a15a0,Poison
d8995d89-833b-4027-b24e-32bbe3520309,Poison
e1565e0e-18dd-478c-9ba7-6a8f3dbdeee9,Normal
bbfc5f12-d297-4ad0-b07c-430984817f6f,Bug
26588602-f1e5-4e4a-8fc3-4f432b4f1cf0,Grass
dadf977d-d612-4fc6-9a8b-d12f967201ac,Fighting
259c90af-9988-4b91-8e55-abf5de9dc4d0,Normal
30185ed3-4e26-40b2-aee2-7b7c40988e03,Poison
d934cdcb-66f7-43b7-b71f-94c4b014439a,Fighting
7e5c27d9-67f3-4f20-aa7a-e5c06b3c01aa,Rock
e9de380c-30c4-47a2-b168-456120b06d00,Water
766a1d88-7e01-4acf-9783-e47581700fa5,Fighting
2d8ecfe8-febc-452d-bb64-fc9febff47b0,Grass
0a34fda7-a2e3-46ee-9da4-47a0c99a9d93,Bug
8f2d4293-7d19-45b5-a207-6446715ba1a1,Poison
380d9465-a786-4ef9-a5ef-5dfd848b52ed,Bug
b5773d34-30d9-42d8-b1bd-2e6cfe26b19f,Normal
510e264e-4a25-450a-a2c5-9df46c0bef18,Grass
485971ac-c8a3-4017-a9ad-450506fec28d,Ground
68371f17-576c-4e23-9bad-ecf9be1e0cd2,Normal
0f1e6117-7c6b-4f2a-bee0-835550ab559e,Poison
87d44984-441f-4ec3-9c88-a0588a0eeb06,Fighting
f33f5ea1-c93e-475a-bb98-d4c3f1eb0cde,Fighting
ba110004-a35b-4ef2-b897-62944e277ca0,Normal
62b1a370-a3e9-401a-b772-48ae27d4cecc,Grass
ca4e4e3d-41ea-4e67-b1c0-7cfdcdcc1e5e,Water
43b70823-6f18-4974-8330-79a9f8b481ed,Bug
64589116-7055-48af-905e-2e733e49078e,Fighting
1535366f-67d8-45e1-b686-82d194837a51,Rock
33081452-a5cb-49fc-9fac-6501528fbcbe,Bug
85f6ef7d-e7ac-4c2e-8118-cb1a50d7857f,Rock
20530733-ad4e-4c29-8b43-755eaee5f14d,Normal
ca066f09-4921-467c-a228-fa5362d515ee,Bug
8faf176b-f194-4b5a-a7d3-932cf2e3cea8,Bug
4624c775-2c38-475b-9c98-bd396fc389c8,Grass
b1b640df-794f-4051-a91f-9fb41d37580d,Fire
0a007b7c-d32d-4d54-afa0-e6de3031b8d8,Grass
0aa8df1e-e953-4808-ad25-30d53306d3d2,Grass
2875c9b6-6fdf-4bf4-baa2-692858a9df9f,Ground
64986b60-8c00-47dd-88d9-9c1607dcd58f,Grass
929bf073-691a-489d-a914-5b010655397d,Poison
d5d680ac-4e03-4e91-9804-9c2ab03cd13b,Water
6aeb4195-2da5-4eb0-a849-ca3ef3fcf959,Bug
3232158b-f1be-49e1-beca-19bad4034682,Ground
6aec92b9-9db1-4f5d-af23-2082be7517c0,Water
d7efedbf-1894-4d7f-9d4b-182bdcd897dd,Grass
a9706175-cd02-4a69-9d72-ba7a30233fe8,Water
21bdbc96-dde5-41cb-b49a-29e8582fc6e2,Grass
d0d3da51-a9a4-4f14-a111-f595f55bca99,Water
377239cd-ee32-40bb-93a8-bf84ef0f602c,Rock
45a848c0-7a16-428b-8f41-af22bcb3a5b2,Grass
3d7b5b85-0c19-4cb9-9996-09dae760ad85,Rock
edda66c8-0ac9-46ac-b1f0-cce1e7e2c0a8,Water
022b12d6-6bed-465f-973d-720296932049,Grass
8620f8ce-56ae-44a3-bd15-e5ebc79a1ffd,Rock
f01f047f-7423-43c0-8bb1-98e4e04af3ce,Water
b1f4eb18-827c-427c-a1b4-c8c2a940ed49,Water
bd4d2b87-32c9-4af2-b468-0fd38ffc4fa3,Grass
3129249e-dddf-4dd9-bd34-571fcc8b84be,Fire
4ab4621d-3a91-4a6f-a3a1-2a48515d7272,Rock
c72cc5f1-55b4-4d00-9323-a1035f04d723,Water
91c22fa4-2e63-4f5e-a911-db78766b5dd2,Fire
0c279630-fc78-4642-89cc-d5d100cb377c,Normal
91a13d4b-eab7-43f6-ac94-95c50b05b7ff,Normal
ad80ab36-0948-47cc-bcb5-d38ba4a31b57,Water
07e06fc4-486a-40d2-84b1-09c464a4a5b7,Normal
613db9a7-8be0-417f-a081-66218359f311,Water
85416967-f935-4e0f-9e5d-c69de61db522,Bug
955da6b5-2760-401e-832a-3cb06602fe2f,Bug
f66acd81-b511-41a8-b5f8-ec0053159520,Rock
1bc4984c-e535-4b50-bf89-9d1489b4a810,Normal
5b756be6-0062-4704-96fe-9704e01abc99,Ground
8be9732c-4801-4965-97c0-42032900c359,Bug
cc812e42-37e1-40c5-a49f-60eafd030943,Water
1f53b3e3-88d4-4e20-bf48-f3281c6f71f6,Grass
f9784f84-1173-4b3b-af7a-7b5f1baf0947,Grass
64efc6e7-8811-437c-a445-39f0b64c4689,Rock
c4090790-27a3-4462-b587-1d3007a928d8,Bug
c79777af-6a66-45e6-9df9-f176dc2506f1,Fire
38eb6f85-df78-4728-90ae-665c7d399db8,Fire
7d34b85e-71cf-443d-9a85-e759259012b4,Grass
0a303578-68e3-4444-aa69-d6403dba2b54,Water
8ec29135-0725-4284-95de-d2463a69d93e,Fire
53f2250d-0262-4d0d-ad7e-f4c5546459fa,Water
dc1ddd3b-3fca-4d6a-b32a-6cecdc324024,Normal
7429a646-9fa1-4e75-8dd2-3baa221988c0,Ground
266edce4-76f5-4d0e-8ccd-db3e43a029b4,Water
87644dfc-9c2c-4a3d-b59c-824d508b3be7,Normal
f6362673-b4ee-4c89-8bd8-db2e0b607256,Bug
66c71ad1-2f2b-4f6d-8947-ba2eba5ae138,Ground
9f315b09-3499-4b17-a786-e12d8abf2186,Water
2a1553fc-d49c-4c0b-880e-73b620448823,Water
4cdb4b1b-2ee6-4b9a-908b-5c96c5e257fa,Bug
c9521116-8433-4484-a4b2-bfa41b1996ea,Bug
db292b27-803f-4abe-876f-290ed48d203c,Grass
56e3a1e5-975c-42d6-9de1-3c23785add7d,Bug
b3a12488-4ed8-4711-81e6-c33b8738f3c0,Bug
dafeebf8-c0c1-488a-af84-268016548957,Fire
db7c75b9-ade4-4b2d-a1dc-923cc873b6cd,Fire
5cc4ecea-ba1a-458b-85ca-724472c8146c,Normal
e0de2cba-c067-4aa3-81d7-dfbe69c9f21d,Grass
44c9eaf0-60fd-442e-8459-708273ead04b,Poison
3d970d79-e22f-4a34-a9e8-8c35b433bd42,Bug
9a959cfa-56e3-476c-950f-10ab076425a9,Normal
09c646bd-020f-478a-9d9d-0d972698e0fa,Ground
53e50889-38f6-4a0f-a31f-26bb22b97a2f,Water
928669dd-9a38-4848-a718-2d7a8fb3c52e,Normal
2463a1a2-61d4-4fa2-abab-463c5db1ebdc,Water
0b86f5e3-0927-4ab9-b4cd-1640d4057eb6,Fighting
0d92ec9d-27c1-436c-bf12-39167a21f0e5,Normal
81f6683d-674f-4f3b-9450-84c13f8d9be7,Water
3e3ba91f-2711-43cb-af42-10d445db34d1,Fire
33a4249f-8fe9-4c38-b01c-d53e3157863e,Water
369fb441-1a6c-4f1b-bb9c-ae5e017160d5,Grass
9d4151b8-5327-498d-bcae-b43610f033b4,Ground
d20677cb-6476-4324-8d1f-f4fcf7f67591,Grass
156219e5-6b18-443d-994e-476ce2a00eb3,Water
7e03cdd1-1718-4d15-acbc-8add6de47d0a,Ground
307b66a5-d4b0-4c36-aa76-f9771730e1b3,Normal
562c1671-bdec-490d-b3a6-641a881ca979,Bug
7629556e-4cfa-4b25-99b0-f9d822213eff,Water
be649239-3880-4369-846d-8030b182d18e,Water
af0183aa-fcb2-4c05-84d0-7641ae1128cb,Water
00f5c778-d9f3-4828-b7d5-3442daf2871f,Grass
9f049331-2057-4613-b165-965c9cfdef1e,Grass
78308ea8-2a2e-4862-af19-84366cb38484,Fire
46c571b9-ebce-4040-ab8c-5aeb0ed9c9ca,Water
4631a8d1-094e-48e4-8e14-8665d114e7f1,Bug
f0a99b0a-3ee6-4d07-bee6-5a3f2a113247,Normal
fb3c4544-641c-4ddb-a709-ae10317846a7,Grass
55951a72-e07c-4299-ba1d-dd301f31e095,Ground
01e460d4-82c2-4368-9b27-fee5d3b02858,Water
f9aaac9c-8a52-44e7-aecf-ed15091accb3,Rock
502ebeba-106f-448f-8cab-ec2de9b4e872,Water
e66e8a8b-7e92-4238-96f3-78dcfc6cb9f9,Water
8777ef6e-66f5-4791-9a0d-5cbded4345e7,Poison
b2b82f74-5c38-401d-aba7-80d2099eb1e2,Bug
51b368af-44ff-41b5-ad7f-36819abfadac,Water
606407f7-57e4-499d-ab47-a110069720d6,Grass
b46676b8-86f2-479b-af05-b3d071cd842b,Grass
b5c11b10-452d-4724-ab42-01755738a238,Water
097d3988-fb30-41e7-90c6-347e8349886f,Grass
cb54d798-7814-47ba-bdba-d0ee8f78f41c,Water
8821f634-e4f1-4139-8c0f-1d67bd0873c5,Water
108df115-e88c-48dd-875f-a1810a63ffb6,Bug
745f5e14-8949-46b6-85ae-1f96ccbe0a16,Ground
f43a5911-29d0-4818-ba31-cc24feb9c9ca,Fighting
6305837b-a205-491b-9ab0-df9cb9dfd828,Water
ef7aa6e2-b7ce-4a24-80a9-e5253d017077,Rock
ffb6a4cc-e900-48c2-8eb4-b1ddabbd6585,Poison
9e977747-ec21-4c4f-8f7d-f19a58c1b93c,Ground
2f013199-b2dd-4977-a6f7-e9bc975398ee,Bug
48b59720-12ac-4006-b5b8-26cf8fd1b4a9,Normal
d38e7161-0007-47b6-8e35-f7199cd23813,Fire
51a7ae82-05e2-447a-9545-213acebb751d,Water
21faac2a-d0d2-4df2-b146-de12f6757ecf,Bug
bee14869-a805-4b1a-9f7b-f9b6508ebc55,Rock
9a982bd9-2530-43c9-a48e-40164bac85ee,Grass
d4bf327e-eed5-4551-a542-9a84933ed48f,Normal
97c2e5c0-3e7d-4f05-9d70-784f17a4553a,Normal
15dce104-7495-43dd-b017-4adf2f27b109,Ground
1224d1cb-e137-4b19-a604-cb460f2ccadc,Rock
53fb0e8d-b061-4ef1-a2c1-4f4cee9e0bf9,Ground
b39caf9c-7b0a-4a19-8a43-43cda0d9e4a6,Rock
c183b7b8-31ce-4ed5-9b1f-d125f4e8f91a,Water
29c4515c-0f4b-48d5-9aea-9bfdefe21bd9,Fire
0c3f31fa-b50a-4f76-b654-5e1e11f4336c,Normal
3849d253-fb0d-499c-9e82-e1e5ff4bb8f7,Normal
e11a94ce-8283-4023-b114-b00ec05a1c40,Water
f87ef2e5-a397-4f0e-8e8b-57cb6008b91a,Fire
7a532733-f1e1-45fc-bfd9-d7de77e81564,Normal
a15e0d76-177e-4058-b54c-ca02225edbb8,Fire
eeacd3aa-9cd0-4c69-8b8f-b0b1f17dbd73,Rock
8f91be74-205c-4ec1-b257-3f535b9e9a4d,Fire
c87e739f-e5ce-4d42-8a78-829e60f8475a,Rock
39c01c61-215d-4f10-a9d3-99b7da99c8bf,Grass
5b665365-8082-482c-8df6-53f675debccf,Bug
a4f3d6b3-93c2-49ed-ab03-78efaa999cdc,Rock
5bbad9d2-90c8-4d6e-a889-388592a01d78,Ground
4531df55-1fb0-4533-b016-fecb072dd24a,Bug
61a028f8-3e6c-4492-8766-c08cf429d73a,Water
5980583f-6be7-40ee-9a94-bbbbb9855700,Normal
931427f3-676c-463a-9a9e-6849af3ddd18,Grass
7504b548-c880-49d5-b98a-453f7a26ea60,Fighting
e8905461-e7f0-4711-9b07-a8fde8c51d4e,Grass
6aecf796-1af8-4b99-b017-7e48c887bddf,Ground
7e49be1a-41a7-448c-8d4f-3b05ad918747,Water
b14ff0be-4186-4841-9b8a-17a2582bd80b,Fire
53d09223-d206-4230-b53f-f478323e281f,Grass
fb4a1372-8b5b-499a-ba6e-8fcf77ac9ac6,Water
fdeb892c-4a5e-4fc1-9686-8212facc3402,Normal
8a25e5b5-3f93-4f3c-9c0f-bdb8763f7a21,Fire
0ca921b6-374b-444b-826d-736451347382,Fighting
834543c4-574c-4a2b-9355-91a35e6f514e,Normal
932a1be6-d4d0-4f7e-9db8-cb82f4e2722d,Water
bdc713ed-180e-4c37-86f5-25e3835ac4c3,Grass
39579fc5-60fa-4077-8c88-e2b510b402c4,Bug
90c6d354-2d62-48ae-a6f4-65b2aa0dc406,Bug
1214e8e7-1433-4bd2-818c-e0828e4da6f5,Fighting
88d4e997-0543-4897-9564-788bb4d87b91,Rock
b3486874-0a76-44f5-9571-625777020628,Water
16cfee91-6ba5-4f7c-a34f-fd2849e141fb,Rock
293ac8ed-f0c0-4b00-a70b-d380ee33a75b,Grass
55f28114-4aca-4127-9b7d-03b5901c36e1,Poison
78cb2a59-369d-4380-b84e-8e44c04397cd,Water
ea1fd415-b4c4-4141-8661-60f80c510dc0,Grass
d5646b3f-08c2-4127-8d9a-d6c5a97dc10f,Poison
81034fb1-d8ca-4129-b1f0-f2b7bc0637be,Poison
c0b1643a-0cdd-462e-8ce9-61d05e2acba5,Normal
dfbe3225-6ced-48fb-ae1a-c441c0097069,Rock
774135b2-b975-427f-9929-4072ac267f0a,Water
333e7050-b10f-447b-a331-df5de39c0207,Normal
067747c5-3df1-422c-b7b2-c45c649d4b50,Water
66f9ac05-a5c3-48f4-a4b1-2ee2050bb162,Rock
14aab7d7-b204-43d7-9307-b79144c92843,Water
5fc378f2-87b8-4ecb-b068-28dd510eeac6,Rock
4174e875-f8ef-475d-8514-f7df790e5a36,Water
faa53a01-1bbe-4058-93ef-5c02befba121,Ground
5758c822-1ae0-419e-a5d2-551dfe61d355,Bug
2f9fd21e-69af-4f34-984e-21a430ac9628,Grass
237004ee-ae7b-4964-a287-fe0d5d61cc0e,Poison
f2bff954-e209-4a0e-9ea0-f443d11a31cc,Rock
1962b5c3-2287-4af3-9d1a-2fbdfe9bb581,Normal
90e971e9-6923-45c0-aa34-df9b22f5b9c8,Normal
b1a4c45e-7e81-4cf7-9939-3d1f78e4bc96,Grass
3c224271-ef94-49c1-848d-d45c821fe8ea,Water
85ee7dbc-56a6-4b63-a8a6-bd9623db8289,Normal
e3b45e3b-9abf-409b-b2af-66a25db8d55b,Water
4590a54a-7983-4b82-aace-a82064be5cd0,Bug
66b10b77-9527-4ed8-8f85-b5cc5c4fb06f,Normal
3b7f3b10-4969-4228-8d65-e739f2354720,Bug
e42132a5-176a-402a-816a-75fceab50c58,Bug
e3177d85-842e-40df-8785-00a93a7f3b50,Water
3ace4186-997b-43bf-9dac-fb4bd0e5b6df,Grass
68c258e9-6958-4672-bf34-f33471e6133c,Normal
03cd6ac3-fbaa-435a-adfc-3f6a269239a3,Normal
af23c0b5-ee4f-4c1f-9124-4a9e479bdaee,Rock
ac3d234a-0aac-4f25-96e5-94d29ae966c9,Grass
cc56b30e-1f01-4926-9999-37ed48538a0f,Grass
4e3ff52e-a2e2-48d1-bf51-a52b1a502cc9,Normal
9253117e-0246-40f7-a8b3-18d10dd82923,Water
455c4745-acc6-4779-a544-f8510def8a9f,Fire
4bf313cf-3d29-4231-b07b-f2d6156ec699,Normal
01de2cda-13d2-431b-af70-cde52eb61870,Grass
8d57c7e8-0bd4-496f-8bdb-57e488899146,Grass
ecec2157-47cb-4414-bda9-daf4ef6cf748,Fighting
61d2193e-55f4-4a9d-b495-909d6b4e568c,Water
c84fe82b-7351-439e-b187-b625c8f09ac7,Grass
68a48f0f-3e92-43fa-92de-3ae90aae43f3,Poison
6a368a01-2a13-4b15-afe9-869c6cb8cce5,Fighting
8d6b0ab8-5403-474b-a589-ab7b01d804db,Fire
3ce04980-6e40-4144-aa85-908c5b14b78e,Water
de82e8ba-c75a-4528-9887-3334931cf185,Normal
19c68f4a-1c92-4b52-97e5-908a2240f0e7,Water
297490a7-ab1c-42a4-b9f2-c97fc5099cea,Poison
c0567b82-d9e3-4c31-aa9d-cd3241a9a786,Rock
60d26d8b-8a9e-4666-a8fb-563a4214c0c8,Normal
4d057ce3-da01-4b5b-a789-7f7005b7a977,Bug
83731831-af09-41f6-8c05-88457e1ea491,Fire
604b62fc-d6fc-4c92-a7bb-da092a69ed25,Poison
41213acf-a6ff-4343-b6af-7e9fd820ac2b,Fire
71fd8313-4d1a-4ebf-8c32-70f14bd223eb,Bug
9b6c5f92-37b3-4f2b-b448-daaa90a00449,Normal
2edbb941-4baa-4e96-8116-5be44f613c55,Water
a433ed33-fb6f-47b2-9d46-0fdd1b0eb9a7,Water
0414b96f-59ad-4673-9f3b-f941c7cc79fe,Bug
cb706bcc-72c3-4505-a994-6265cb29e415,Bug
e45926ac-e09f-45b5-9ff5-2d0430d921d9,Normal
2df93f3e-5ae4-48a4-8084-4423c7fe14a5,Normal
ab31a981-6724-49f1-ad6b-4dffbd9c817e,Grass
b755c2de-b8b1-4f06-9544-d45b7eb1a2bb,Fire
894fdb50-ad65-41cf-b38b-98dde30e4e46,Fire
31d90173-f990-4743-9992-5f9deecea5ed,Fire
732f8746-8cbe-470c-9a51-aaaecba8b022,Rock
7b639ba3-e2fd-4120-97d4-5b468030e848,Water
65645ed7-71d5-4bd4-b5e7-efbd49be7af8,Normal
5569da24-4569-434b-a9d6-fcae7671f62f,Poison
2f82b36e-51ae-4909-bac7-c939c89f9460,Bug
7cd74888-fcb8-4f29-98c2-0d2e276d279b,Grass
f99ebedc-b57b-4605-ae6e-1667ea96496e,Normal
25edfa1c-b6f3-49ce-a8a9-9cd1d81a50c5,Normal
b26e38a1-08a0-4176-87ed-7f7f0fde54bd,Water
60255272-2085-4224-9125-74cc916f70ce,Fire
046f57f0-87c5-4a75-be18-dc7aa998a075,Normal
5f8ec87e-3d62-4bef-953d-f0e865eb6689,Bug
f7cd21f2-a8af-4745-929d-5bd81afd4327,Bug
77fecfa8-79a8-478b-b98b-7fb158927b56,Water
00ae1128-e385-44c2-b23d-ac103857a91b,Bug
3f62e16c-12d2-49b8-b013-b970483fb677,Water
c46b7de5-acd4-4052-8960-fd1c7013049b,Rock
1ca9d51c-22d5-4ced-a251-8d97af8c2016,Normal
1b19c732-d096-4338-b9ee-f21659bd8dcd,Rock
28defbe0-cd38-473d-9824-5a13cdac8c4c,Grass
8e6eb534-b3d5-4de4-a781-efcb6cae94b6,Normal
393905f8-9472-4b96-993d-95999eada373,Bug
4570a26d-07cd-4fda-9262-1b5c87f1d93f,Normal
f01cb344-d67d-4b64-b3d2-b85c75630c45,Grass
87499452-a11d-463a-a154-3a3173c179b2,Grass
bb93f87b-c76a-49a5-9f2d-17aa2c4a8aff,Water
5892195f-0404-4b6a-9efe-b062b5c6b22c,Grass
db5e61df-bc70-4eb3-8011-277b8ce0ee98,Normal
d0fe0352-0074-4d23-8635-9e7e86d979b2,Water
efa9fd77-efde-4513-bf80-4f411978dc8a,Grass
fea9aa40-cee0-4275-b599-ef244c9c48e5,Water
d6b2fd9b-7a42-4a77-bab0-cc605cdbd21f,Water
3f7c3744-ae7e-43b4-bd0f-a64e52322c6e,Normal
930bda73-8885-4313-b4e5-0cc5f9ffed6c,Water
b8fdb109-a3c3-4d81-a482-6c970aea8a6c,Normal
fde6abfb-4498-43fb-8995-03f785675d88,Bug
6be3ae32-cd6c-4fc2-9aa9-88f3697e4ed1,Fighting
0fd2f1d2-8fa3-4590-95af-dd41adf182d9,Normal
5d2e79ec-3655-4b74-8ff5-03625adabf7e,Bug
370c9b9a-564f-45cc-9405-2c7ebf0cfadb,Grass
de50f7fe-3504-41e2-9628-35707f80d47b,Ground
6a713e77-3c07-436b-a4fc-039aa48c15d3,Grass
fcf7fdc2-46f2-49c2-b13f-af20f2d8ef9e,Grass
5ef592c6-3501-4867-aff1-ed6d8635beb3,Grass
71b9c5b0-9d84-487b-a813-94679f751a18,Poison
41e4d617-46aa-4850-815c-8fc627c3b26a,Normal
9d7d958f-1044-4178-8331-23537f581e10,Ground
65d78fa6-2cf8-439e-b325-a544a4036351,Normal
dfd8fb45-9f13-4a1b-8b13-b5096d37d78d,Fire
47a38311-ccb8-4c7b-b67d-d27227c939da,Normal
c3c75c25-7346-4281-a2ef-6c255f10d714,Water
10e9f10d-b29c-47cc-8e32-9faf9f2e3209,Normal
ecd62f30-58db-4d5a-ac1d-f07074caad15,Fire
bfc51b74-1d46-4e70-a593-d7a40c94a0e6,Bug
34f79004-fbe3-4ef5-bf45-5c42434fe175,Ground
d5b22785-e9b8-4c75-8ab7-fd185dd174a9,Grass
67255b6c-51ce-4437-987d-04d54c9b96fd,Rock
f8b38668-36e4-40dd-8475-2d538ccb0432,Water
af759852-030a-4c56-88f8-60c9cf028c6c,Bug
a6e08634-fd35-40f6-b9a7-fcf5af29b458,Grass
a4f39e27-1dbf-4999-87a9-4b9d348441cb,Normal
b7f29f38-c1e6-4306-bb02-2956d9e087d5,Fire
6a56b9ac-bab1-4c8a-89d3-0925c62a822e,Water
ced5490a-e0b6-491c-80a3-a000ea7aa3f4,Water
9f0fab7a-6c59-4a44-81f2-1eb248441b14,Water
5178bae4-e771-48f8-b427-77cee6944149,Water
3a1a4aea-c523-42a4-a28f-7ea87608c77b,Bug
f3b56c11-22cd-4335-9ee8-6894b55c3a3d,Fire
e1805e24-89fd-4ad4-86d7-096dea79929a,Bug
3c945ad5-0e99-4244-b561-28440ab89790,Rock
503c058a-55cb-4966-abdd-bebbcf00d081,Bug
69044b8a-e3a5-4fb3-b6fa-d45117f520d5,Ground
eddb17bb-21a1-4d88-9dc7-d1f4f992dc2d,Water
3b0b8298-3028-4767-92da-93586621f209,Water
2e451ab0-0c7f-4ea7-ac66-ec0444339af2,Water
e7e1aade-f6d0-40b2-88c0-08bc876a9943,Bug
4a9a7926-30bb-43ef-bd76-78e2308839b2,Normal
331e6c17-3fb2-47a8-be4e-a4cd77e9db32,Normal
003c407b-ed53-4a11-9aee-5d41a031ca5f,Fighting
876baebd-3ab7-471f-b4e7-9eb39871165b,Grass
e631f00d-1feb-43a0-b3d7-7b0a950e807b,Water
ad88a7a6-afb4-427d-b4f5-676b78068f48,Water
3671dbac-64ac-4aff-b653-0e07b2da5498,Fighting
00bd3716-7d3d-41ab-ba66-691db54cc447,Grass
cc494973-6204-4c59-996f-7a90684b5f36,Grass
a8f3cbe3-2e9b-4cdc-8e81-73ee6f9e03ff,Rock
257cc9c6-cd4e-4d9a-8533-87725cee6695,Rock
85a32c4d-c4b3-47a7-bafa-60563979943e,Poison
58284a3a-217c-41e6-9ec2-7674b24550ca,Rock
66af9b48-f8a8-40b3-b6cf-e274b227e30c,Grass
a6abee0a-2ced-4ba3-9aab-c003454e68f3,Normal
d1d3cd3d-e0dd-4871-b3b1-725d270f90cd,Rock
804d168f-6935-4d94-963f-78a58c21d0a5,Normal
c7fdd77d-9e15-4790-a1c0-5b24079f93b4,Fire
52da7575-1385-45e2-9b9e-a6b1803edbb4,Fire
c54aeacb-e0ee-49dd-92c6-b2952eaa43b9,Rock
1dbb4851-1336-4d1f-85be-83c5ace659c7,Normal
8cf10f57-edbe-4ad8-b125-9d3af8dfba2b,Fire
20065878-cf1f-41b5-a421-d25a6bf99eef,Grass
00586957-39c2-4eaf-978e-f3c25189838b,Water
6702e55d-8172-492a-8f87-a3da277b53a7,Water
212a74bc-b2dd-49e2-8e9a-6ebd42b10572,Water
ee04a46d-be2c-4c38-81e8-e71cc9ad3d5d,Grass
412b70ac-4ff4-4a81-b14c-f0822de95625,Ground
f027c2b7-ac43-489f-bd5e-66225d3ebc79,Fire
49040f0b-6734-43ac-ae23-a6db6a868825,Normal
9cfb389d-5caa-4e9d-8a0e-b3838e65115c,Rock
850263e5-b2fb-49a2-b741-813c04e57430,Water
f918d946-0833-4add-adcb-8d44e24e52f6,Normal
43c2d5ee-8a23-464a-9f28-e4f3e6d8b267,Rock
7d706d5c-5f7d-4553-acd2-2f6f1eb373d3,Poison
a0347579-0a8f-48e7-a83a-426020666831,Ground
44283922-41bc-4a1e-b06e-113ec289b8df,Water
161498a5-8085-45e7-9aed-3f8dbf8343a0,Fighting
cc23e8fc-0eaf-4511-91f1-78dc44ad9dda,Water
b79e3263-5fd4-463b-a436-70ea11fa8b4b,Water
6cf5de48-0f7a-4926-9170-fca396239931,Normal
c0866b1c-20db-4316-a45d-f8a70233ff7f,Bug
9cbd20e4-7e05-4285-b5b4-ae82d8cd3900,Poison
71658fc4-cb74-460e-8a23-08570145a2e5,Grass
c421877f-54c4-49e0-a35b-c67d3fc7197b,Fighting
536e965e-1dea-496c-b55e-915ab55bd51d,Bug
77738669-a90b-4630-98e1-681c01c64c5c,Ground
430001d0-b05e-4e5f-b37a-b0952002b420,Bug
0e69fc8f-1271-48b3-a4d7-0746d0257788,Rock
ebcd6c88-b788-482a-ac02-465b0ccd4985,Fire
b6b3d979-4a6f-40e8-ac45-9a8e7c801ce1,Water
f32cdd74-ed1e-4b76-9b09-9fcd092e992d,Water
465bc5bb-4fb7-416c-90ed-f8720f9fe7f8,Rock
941f6948-8914-461e-84d0-0fb7edbb00b5,Ground
96f11e5b-afc6-4373-a257-ea5ef2a80914,Grass
62b3136b-5354-4ddd-a601-a70fa19f48dc,Fire
6bd47b98-964a-42c9-b173-7b0d867a25bf,Normal
c54f9e98-d93e-4567-9aea-5b475ba203b3,Water
45188df9-5a05-4c25-8d88-09c719674705,Water
666be4fd-2ae8-4904-9070-82f55f4e9077,Bug
aaa10908-57a4-43e1-b021-cce59661b01b,Rock
4e246a15-e918-4e60-b845-141096bb0012,Fire
55fdf90c-ee49-42aa-9482-757527736941,Grass
b4816958-b8ee-4efb-a767-85f8ea08d0d3,Fire
9e7b51f0-f257-4af0-a3fa-480f426277bd,Water
7c2a289f-b0ce-4e50-8ea0-5b5e7d8e008f,Rock
948729cb-7a65-4a35-8ad3-bf3b4b8f5dfd,Fire
e9d02c40-ebfd-490f-b07e-94d5090dd2ac,Fire
a29228b6-4a31-462a-8d17-eade2b200fc0,Normal
cbed2e49-4f45-45c8-b050-81e8c98c3bd1,Bug
4103bd84-1b87-4dae-afaf-e7f56e57551c,Water
9ec8b4c8-6007-4784-bd36-e0b76a1d3791,Normal
3bf30ab7-0f13-4dee-afff-20641692662d,Fighting
c6a6dd22-d838-4b78-9c87-fde0eecca90c,Water
aaaac336-8ebe-49e6-8aa8-4625508cf8c7,Water
0735c342-d0df-4534-8fce-c479a6366926,Water
d4b9ed92-c07b-4a20-a6de-59bc831d44a5,Grass
63bf674b-af14-41b0-8381-3d99bc9b63b9,Ground
99cac07c-9503-40ae-8804-e81ed8d01373,Normal
65ee16ce-a19a-409e-b3d7-1de376cda30e,Grass
05934d69-5cb3-4cc5-8496-a8958021d321,Water
ad0a736b-d1d1-4a5d-9b09-d86d167ce5fd,Water
3e1c463c-bfe8-4e36-a7d8-e57181f7c275,Grass
6af280ce-60ec-4e32-acdd-181750da820b,Water
b2928553-ba8e-4a1b-9ac3-45fcd0ca0ebf,Water
9247b222-03ae-4fc5-b832-7b6f17709baf,Grass
968c0979-1d7d-4220-8307-be69073881b6,Normal
1db0619b-8ecc-4cc1-a0d0-2f7d68df5d59,Water
5477b55d-b42e-49e1-bcff-9861b7ed259d,Bug
bbe64a61-ae30-40da-b562-1920d8dc755c,Water
b942773d-e409-4c4c-af6e-0960e7505238,Grass
b6f22a8c-2f59-4bbb-843f-03b47957174c,Grass
03d490f4-477c-4199-aef1-fd7e31bc5ce5,Water
e543fb2c-c24f-43bc-92aa-0d6adfa91a39,Grass
67bb78fe-dcfd-4fed-bde6-11225ea27338,Fighting
370cf602-4030-477e-997e-8e08c2a2575f,Grass
e8b76087-5d35-4551-a6d7-776c7f3fe6c9,Fire
3199040d-1bae-4317-b358-cf9c1d5a5786,Fire
c840c920-9094-40c7-8b96-de9d8c533d66,Ground
62093fc4-892d-4813-8c2a-3fecb8ac73de,Normal
c2b68247-fae9-43c8-a466-93d49e3b5742,Grass
b1c9e2b9-f79e-4edd-a129-11a74185a295,Normal
926c4151-fc35-4232-9a9e-c45299df9ac7,Fire
03fb22d1-9a83-4f7f-b0e7-b4a669b7281d,Fire
740c07dc-1017-4bb0-b20e-beaa82e4dd37,Water
ad5ddd8a-61de-4a97-9981-e5d3f72cdbee,Bug
350f8ff4-2631-4634-a92c-f935253c0e44,Water
ed67beed-fdd9-40c2-b79d-e194511d5e1a,Grass
f65e8582-0e3d-425f-b670-f98d20a854f3,Fire
80764ca8-db12-4fe6-b6c0-a1e3fe30d7b5,Water
453390cc-1441-4547-bd7c-464b55816eeb,Water
05106fe7-2190-493a-bac5-8ed5db0420d3,Normal
83f8a39e-d3a3-4944-916a-e57bdfbdac22,Normal
cd9910d4-4d92-4c55-a7c3-28d5b4c64da9,Water
ae6347e8-a234-4255-894b-6a3378d60436,Rock
4f2b0d84-0b8e-4e1d-a2c7-413fcdbe3c5a,Ground
35dfe1a5-716a-496e-b343-fb42e6278166,Water
f9c492b5-f48f-4d76-9900-1936f9310fde,Fire
51fd4c19-a0ff-4f71-997e-358998c78edc,Normal
70a8f915-f44f-4502-9dff-c2c39ae597b1,Bug
ca86faac-1ccc-4008-8154-e1400254b31a,Ground
72f35289-c378-4bc6-82bc-c04d1c6f59bb,Normal
571b29a4-e20a-42f8-b23e-e958ba5c78f5,Bug
e52c30c0-5cd0-4d5d-873c-7b8dc320eb40,Water
1deb19ec-ea00-4146-a908-2203b0d74337,Rock
119f9968-2e34-4399-8244-f793d82a32c2,Ground
1a8ebc93-570c-46b8-a616-89f1a283970f,Rock
c77e647b-15b4-48b0-8191-b897ca51fa6b,Ground
b7f806f9-6946-4a6a-a123-1b5073d08793,Bug
81da8896-b96c-4d55-86d7-2c61d6570ab2,Bug
b916c312-6ee5-42d0-bd96-cc06679ade42,Bug
20aea820-1767-4097-b46b-94321f305b92,Ground
7e71f6eb-a8a7-4cb4-a0ff-5d09321aba47,Normal
825d9ec3-00a3-40a9-a958-f7c031eecd40,Fire
f2e299ed-b2af-49dc-980e-6d8a7552ef72,Water
5b06f80e-182b-48b0-a705-5f9ba930eed1,Water
4c0981d8-6c67-4468-ae5b-601310995afe,Rock
b1187d5d-cbda-4212-8fbb-20674be78b91,Bug
605e745e-d05b-42c2-a350-9e2b8f852438,Bug
209e5f3e-9014-4180-85f7-75f496da04f6,Rock
adaf85cf-d4b8-4495-bce6-8749e5040e06,Water
785bbe06-4517-4730-8c9c-78013a748f12,Normal
470c36bd-69da-4703-8478-a0d9ed4e417b,Normal
0816baf6-80dd-4e92-a880-0ba1c7e0911c,Normal
4ac4d84b-cfa8-411c-9a12-58c84894a02a,Normal
061e2525-33bb-4a8a-824f-690a4acb81a4,Fire
bb287dc0-6e2d-434a-abf0-8e4516c2191d,Water
566489de-f97a-4be1-9151-fe624d345bcb,Rock
71ded1eb-7132-4dd3-a112-20f64c62a650,Grass
46cd003e-d542-4587-af79-05efd357a89a,Normal
937074de-c042-4466-81f6-208ac19a57ba,Water
a75595b1-f080-442f-aa5f-0402dfba9564,Rock
71bf7b82-43ae-44a8-9ca5-49f91087ecea,Grass
6d6d6ae8-788d-40ac-a8bf-2d236e277814,Grass
f7db70bb-a0e9-4d30-b79a-c78e7cc424ae,Grass
67b0fb74-406a-44dd-aeca-6a9fe65b9720,Grass
7be54920-e64d-421e-ba4e-1e6840a0f6b6,Normal
982e54b1-c284-445f-a52a-edcf9773b130,Poison
ab0a292a-4f04-4bb8-bbcf-808a710d3fad,Water
583e8c9d-0016-4045-8461-a4467a818d87,Poison
f566274c-02db-4dae-9860-01d6c800c5d4,Fire
235848e1-8fe0-4a81-9bfe-9c09e0c40f1f,Bug
cf06831d-1902-40c2-a867-2be39e8d3e35,Water
2a3a74a4-dac9-40cf-b998-eee94bcfe3f8,Water
20a6df36-b05e-4a81-b98a-a49a0d1df063,Poison
b9a22d66-85ba-4b88-a215-ccaa78120eb6,Normal
c0b6ab92-bdaa-4d44-a29c-05794aea4498,Bug
f3257487-8925-4df6-8247-fbef3792e96e,Bug
b0f306b4-c4de-4761-863a-dda46ddf8e56,Water
1d0725ac-fb33-4e7b-afcd-5536c5a6075e,Normal
8ae2d3ac-59e5-430f-a5df-ce7bff5cf36b,Grass
43737238-2438-4676-babb-87df3c980beb,Water
ae5f2656-5177-4541-9039-2a4c65d0e7f0,Normal
49cf7fb3-5675-436c-9b42-e42eb0ad79f9,Fire
e2a4889b-1efa-4bc4-b57e-ff2931b16d1c,Fire
83088c2d-b017-429c-9426-68c70008427d,Water
24f0f0d9-9446-4e54-8441-bafc14af197e,Water
22c2082b-1785-4593-823d-61d4ef22ae0c,Fighting
c59b4ed1-d354-416b-819b-bde2d3fadaa5,Water
9d35e037-a0d4-4ab8-bbc4-532d54d01f12,Fighting
43ee60f2-823a-4a83-8fdf-849d3586105c,Poison
20895dcd-2500-4061-b948-db1a86b04aa9,Water
7b0b8fae-4a81-44ac-a5bb-e2f4a676edee,Bug
4d175522-4920-481d-9d3b-2b5b63b73de0,Fighting
99ebbb96-cba6-4a71-8f9a-ad185d8062ff,Normal
be96240f-924a-480e-ab16-fb3b836e4263,Water
61f2337f-2f37-4347-955e-098d306ae856,Bug
5cdf55e8-87d4-428d-87f2-bbb4af631c8b,Poison
81e87682-b55c-4743-88d7-5b0c408f7a11,Fire
ea13ce04-8984-4a2e-a9c3-86290091aec4,Normal
bfafc4c6-ae3a-41e5-be08-4009f04fab1b,Bug
4e7f132c-8218-4eed-8bb8-a8d8d8c80cf5,Bug
8006db13-e7ec-4d76-bc84-2d02bbffdae6,Water
068da559-980e-4802-abb1-94e820ff31ac,Poison
bdad98ef-d401-40ff-ae15-6b3f87f732d4,Poison
fd8072b3-a8c2-42d0-b7d3-a8ff7c28a324,Rock
e5c25ff0-b828-4c67-8f25-91dca7223cc1,Normal
48adb0aa-374f-4c02-aea9-d386251919ba,Bug
cc4f6821-50b4-4fdc-b4cd-f7f7e254cefc,Water
3b4c2a5a-b0cd-4b2e-90f0-378c92fc6095,Fire
291d298c-8d73-4603-98d0-2abbeec2faad,Normal
79b1ebc4-0068-4302-ae2d-db54600a84d0,Normal
13a41396-5063-44e1-ba1b-c487e0ccecf2,Water
78538166-9b4b-43f5-8fa5-a420c31fd7e9,Normal
a0285865-7ea6-4488-a142-f6e7d1293c6c,Ground
9471d39e-c4a4-4b88-9fe1-57ed2e5d6854,Bug
9baf5fc2-a5e9-496a-b4fb-7a49e3d1e5e5,Water
17afc44a-9c4e-492b-8cc9-b7a2601a5114,Grass
e1308edd-220e-4eff-9958-958565416a1e,Normal
9353646d-2718-4ec2-b0c9-952758680fcd,Water
65754c4c-168f-4240-be6f-5fdbdf991461,Grass
9395cf1e-d73b-4282-bf73-5e7d4af6583f,Poison
0161bc82-639a-4d00-8a80-f745730d35e8,Fire
b56d225f-ad0b-42d1-a0f7-34a675db91f4,Bug
a9b09889-bd8e-4d2e-a570-ebb889db3ad0,Normal
b6f1ec02-9093-40a1-a8e0-edd57707b49f,Normal
9e4a8f32-090e-4280-b59b-de71b241000c,Normal
9cbb131c-f9cf-4a37-9b04-667ea72a9924,Normal
958cf55d-d3c6-4d2e-8d15-bfadb223f65e,Normal
bd38cc20-3619-4e08-940c-7addf92b66da,Normal
26abae21-6ff1-443e-bfdb-4bf2f397e2cc,Bug
4e800173-d0ef-4259-be99-87c963a99309,Fighting
c053c0ef-9603-4612-8bda-a84c820df12d,Water
51abafc0-2f1e-4ab4-8130-c446e1a14d7d,Poison
e30c64e6-b6e3-4a50-b994-da2da3d6059a,Grass
1354dfe5-3685-4017-82fb-4737fc71bc4d,Fighting
ca7060cc-ec87-4955-b7e1-74bba9fe77cb,Grass
58036618-f430-4122-9247-50b1af11e2dd,Water
8be3acc6-d654-412e-88fc-40966b88d4eb,Fire
b92c4b34-6db2-40f9-8eda-07bc1cb24bff,Bug
f9a9a154-3d71-430a-b013-e8e95fc22d12,Water
cbd34ad5-1c1f-4ef1-9055-c4d7da2edd3e,Grass
a89844a3-8a7e-45ec-ab21-d5845da854b2,Ground
bc501faf-7005-4689-81e5-4cfdafddcfd7,Bug
84eba176-8976-4364-b409-b4e900061598,Water
8b78ea1b-825a-4148-ad3a-a4f91d460a40,Normal
5ee7aeec-3ae5-4fb7-a5af-ed7c42c5e3dd,Normal
e2af2db9-2978-4274-824a-13cb62b8c08c,Water
8af1316c-9361-4495-84b9-223509a827f0,Water
7d2c0ee0-4a74-4df7-8a2b-3c8a25132d5d,Bug
fd19db37-09fa-4bee-93bf-84cf7c384921,Grass
c83a402d-ab7f-43f8-970c-c3da83bb5982,Poison
07162afa-984d-4e61-bcdf-2afbbd5d1825,Bug
2dd3387e-df5f-41dc-a494-66c769962601,Ground
0aa057c4-9259-44dc-a41d-dfe35932a24d,Normal
d9510feb-ac0d-4e74-922c-606996e90607,Normal
a27f7bc2-deef-4796-860a-54bbd24f2aa6,Ground
66bc9c04-c929-4395-b35b-ca3af606805d,Grass
fd198e1f-4c8c-404d-92bc-569e22859ac5,Normal
207ea386-afbb-4e3a-838d-071e0a685e55,Poison
0ca1fe14-1805-4b6b-a430-e2d6a813a3af,Poison
07aa824a-56b0-4550-86a4-94ecd3372d31,Poison
f2b798c2-e489-421c-92e1-00274054a953,Rock
daa156b4-9c81-4a73-95a7-be357d065dda,Normal
63058f3a-13a6-4026-9116-6ba133a1d267,Fire
62e6d8df-127d-4e06-845a-8aa79da2d4a0,Fire
88145d94-e6db-4f98-8196-2a614ebb01b9,Bug
3c3efadc-74fb-4af4-851d-81ddecaefac0,Rock
69b846fd-14eb-4afd-9c31-ce9a9b1f10a1,Normal
c2498bae-0a5f-4ba4-b2a3-bce650751a15,Bug
59c3e13c-4ff5-4506-84de-290d7e608a38,Rock
958b7be0-e0ba-495a-bd25-a3bdc2ad9050,Normal
fb6543ec-5b27-4567-84ec-f7e7c35da67f,Water
c9d25a19-069d-4c40-ad5a-2ae161724112,Ground
2eb6c505-18bc-44fa-93c6-252c51607eef,Water
024984e3-7643-46be-a46c-639de0e305f2,Normal
f055e3f8-2122-4546-8966-4134658761d9,Fighting
17456f27-e984-49d7-8cee-faba0ddb507e,Fighting
7574838b-d8ab-4089-811a-b6d5b65acbb8,Fire
7c8b63c2-e188-4345-9a6a-7997f197166d,Fighting
0f0fb2c2-352b-4309-82fc-65489c5aff67,Normal
dc69fec6-24d9-4fef-8838-9c9cd6b80228,Normal
42ec4676-911b-46c1-895d-190152346114,Normal
235b2120-e58a-4ea9-a56b-369df56f6de5,Ground
19989db3-90c9-49fc-a96a-2d8c3b359c5b,Normal
2a9e8ca0-859f-4412-8609-660d2f8f8a46,Water
8b90d7ef-5f98-4666-bee0-f69ca5a1ab43,Ground
2c238910-4959-45af-88d6-88c3017c02ff,Bug
1c66c7c9-2b65-402f-9d72-7a6faa3bcf6c,Fire
6ed9b762-cc15-40ed-92d8-64c156324463,Grass
e2d59cf1-e612-44b4-866e-66f0dd863281,Bug
19f5d6e8-7061-4c8c-b157-b534f391598b,Fire
dc9ee617-d296-4e30-aeff-da4a7e0ba476,Normal
8dfbbb3b-93f8-4c0e-ad50-591399888336,Water
761ebed5-0d49-4d05-ba81-3963a1162036,Grass
87610800-73fa-4d91-badb-c49fd2b90266,Normal
9e20fa9f-7c22-4a6c-91a6-ddb2414635a8,Normal
6ad1f277-b1cc-4971-b4d9-6442d62a810b,Normal
e1944db1-89a3-4ca7-be58-dc5817b04175,Water
40ae1b0e-c8ca-4be4-941e-2960f166f0c9,Ground
44eb14b7-d906-48f8-8aab-9bea30c4f62d,Normal
c4f1d051-b8ba-420d-a179-7468b72822cd,Water
2c5dda00-8764-43b7-a73e-e0f61c8ed1ca,Rock
f38cf468-960e-4673-9216-935dac415d77,Normal
85e91d3e-3e57-4761-8397-e230774c7306,Water
37571ce2-2e1d-4cf7-8186-aef22fd02482,Normal
0eb1e32d-0bcf-4abc-907d-ab2e0a8068b5,Fighting
3281b79c-554d-48d8-bf1c-3919da4e8eb3,Grass
8e0ba95d-59c4-41d0-a115-15df327564f4,Normal
b6f418cd-c824-4d17-8d98-39ad7ca5bff4,Water
dd72f42e-0dcd-4653-bfb0-0d127c08c971,Normal
eea4c758-2e37-4648-ad4d-2d19833292e4,Water
dc42e032-7676-406f-a32e-47f3409c8063,Fighting
5413be0d-db7f-4909-b41e-151ccfdd8e69,Poison
c1ab43d3-f659-4ba5-9ebd-b64b52aa5b2f,Poison
71587c25-260d-4174-ac54-4a5b7c2e04e3,Normal
c1b6fc06-ed72-4480-b9c9-e1ba25151237,Water
43fc7450-093c-4d6b-bf8a-d8834039d66b,Water
2f8bdf8c-8bfa-444e-9278-51e131b57188,Fire
aa4be928-1d92-4a61-a20f-95b18d8a900a,Grass
ec396fe8-bc5d-4877-b9cc-95ec32dbbcd5,Bug
de352c5a-8c96-4cf3-a711-7a41ae986242,Normal
195ff006-94f0-427e-a75b-331e4fe7441b,Bug
4dd4b843-5986-442d-8af6-383b3165e6b9,Water
3656a6ea-1e64-4de2-9bb3-f2c9830ceefd,Bug
f24cb5cd-8855-41a7-a051-26d2d4dbc50a,Fighting
46c00f6b-e004-450d-84ce-7954b9ff84aa,Grass
3fd012e7-e1ac-4ebf-9ea9-29dfda3764ce,Water
27ffefd1-8cb7-4750-a098-2c58e6aadce6,Rock
f6d85523-6369-48d9-9db7-a96ddcca1a64,Bug
ceaeb024-b401-4f4e-a754-173f2051e2ec,Bug
156a77f9-af3f-4161-9bd9-715291d4f798,Normal
a6c8ce85-d40e-4589-8c54-b33be021e728,Water
7e15c3b9-7130-4359-9afb-c1d25f2b3c69,Fire
3653aec0-6a80-416d-83a4-b52747ff46ff,Grass
40d52099-fb10-4b73-9859-5889571033ae,Ground
0085ae8e-601e-4f92-b059-a1a7961c45b5,Ground
6e294a85-c303-4575-bf9e-fa4883c186db,Water
fb60b52a-ad22-483f-aa18-6319e7f3cd0a,Water
f3f3d00f-b00a-486c-99cc-769a8d456dab,Rock
f3d8ac6c-4b67-406c-a2a8-baec3e34c58a,Poison
08205a31-f464-402a-a6bb-77e2a2410d1b,Poison
ec167828-0be1-44e6-a204-96eb29ce3d2c,Normal
3dcaa220-9a6e-4df4-b1d2-4436d69e247b,Bug
7c558cc5-8ac2-47d6-9cdd-345292b590ca,Water
87d971d0-6045-439f-b0e5-541bb679a612,Fire
a0ab4d21-bc30-4a3a-b6d9-492ff897e680,Normal
e57a7d47-27ba-4e2e-b8e0-c0ede567cfb7,Fire
dbbefa85-d868-4d4b-9259-4da94d992521,Grass
9081d739-9927-44ff-ae83-2452bdf665c5,Water
716cf272-7cbc-495e-8d48-b4eabd909f63,Rock
f1850317-8e34-4aa2-bc79-dcb25aaf51cd,Grass
062ea8f6-0127-4485-8dda-1db76a7948c6,Bug
b21a5836-ef53-4113-be0b-86aa8f0a1f69,Water
ca456295-3aa4-47a6-bcd8-7da498ccec01,Bug
c4b72e57-76d4-4a44-bcbd-975f207d3716,Fighting
37b5a72a-0a82-47f9-9df4-798e39008351,Bug
81029367-7f85-4e0c-bd70-1a4032242b82,Water
7ac86716-10de-4086-9837-c32ba825d1f8,Bug
99dda990-58c5-4981-8bf5-3aec1140e85b,Rock
4bfdf537-0691-4868-913a-71160058e6bd,Normal
5984ece8-e7bd-4783-bddb-0da5d8c7e385,Normal
a2e9638e-58f4-413e-bc2c-a79b52f76731,Grass
3b9664ae-ed23-4a39-91c6-548721fde570,Fighting
1e8fa78d-6e65-47ef-8bf7-f2340f0964f7,Water
cbfa0817-41f0-4a0c-b847-6ccecc4396cb,Fighting
b6337052-ef2e-4432-bcce-8c57595ddb45,Bug
8d404543-6288-491d-8de6-279c4ba3b43c,Grass
7c573c67-5ad9-4862-bd2f-09245bd008c2,Grass
a461e2be-3dac-4ba7-9649-a923f91b28b7,Water
22d9636c-e54e-4bd0-b0ae-8729815ec41e,Normal
95a8ca78-2ecf-419f-8a3e-01aea838ca6b,Grass
6a8f625c-c806-4b26-8068-373baab7c7c7,Poison
5969ccf7-20ec-4b10-a5cb-ab051e32f153,Bug
b497ce7c-717b-4446-aa36-7361477f1094,Fire
1df482d0-8546-4526-b33c-adae6febe3e9,Grass
426d991a-bf58-4b2a-85b0-9c00a169a067,Normal
e32162fc-e193-4501-a17a-347354f38e29,Normal
fea48046-de75-4c02-b7b8-060a765d5fd2,Bug
d269cfdf-b1a7-4905-86e9-c0f5391c8a0f,Water
d2e410d8-25c5-4c4d-8cd3-b9e0293a0112,Grass
8deeabe6-efed-4632-b885-6578cd9e7c12,Normal
b38bc111-ad83-4f0d-8c98-ea2af9107b19,Normal
31406128-d179-4972-9a01-34d10779c4a4,Normal
27dd90fe-6905-498e-8c1f-03ef5765bb48,Normal
25e62621-d82f-4220-aeeb-bf18e8750a9b,Rock
f871a81a-976c-4f1b-8c31-b88052ca8b1a,Water
382c211d-5eab-4105-a281-8c6bf9bc6e98,Rock
e7dfd650-f3a8-41e8-a8df-ab5843a163fe,Fire
f576d663-8b8e-4bb1-90c6-cd256d25eda3,Grass
6522f9fc-b3a0-483d-9c68-9511a8cd2b39,Ground
a2a26f04-7f50-4948-be47-c1af53cf7487,Bug
d6a10784-a58a-4b96-b4b1-ebe70c704863,Rock
9648aad2-e9d4-4c0a-b97c-716ed472fcb9,Fighting
a9493e3f-3438-48e0-acbc-eca6c6301b0b,Normal
f01032d0-acf1-4b96-80cb-82699e60eeeb,Water
18e33363-7a42-468c-8b05-7f63fd1da2ce,Rock
bfb0be5f-1f17-44a9-860c-05dc68218dc6,Normal
77211cc2-b3ea-4206-9f02-4741c093fb1b,Fire
c9a88c0e-75ac-4803-868b-d7a5e944cb88,Normal
bf03cb75-290f-4466-bf0a-dd1cd2852600,Water
6d4d85a6-4783-4f79-8a3c-f305ec4d47a3,Fire
e68ee35b-65dd-4d05-a4b5-7636ab6caa19,Bug
834d5bac-64cb-4ce4-b568-c2c1c19cfae5,Bug
f50372f8-ad84-44d8-9d7e-f7ddeb34e844,Fire
d1a49a55-ec5c-4632-af7e-578c237f0cec,Water
43671928-0fc8-4d67-a376-8223a9d17ba2,Normal
2acbe67a-d639-4932-8eaa-a16334648ba2,Water
6fe3f1ba-a099-4f10-babc-01a45d3ae13e,Fire
